Project Name,Package Name,Type Name,Method Name,LOC,CC,PC,Line no,IsTest
main,ca.dal.Group2.Board.Controller,BoardController,add,5,1,2,27,0
main,ca.dal.Group2.Board.Controller,BoardController,deleteById,3,1,1,35,0
main,ca.dal.Group2.Board.Service,BoardService,deleteBoard,0,1,1,6,0
main,ca.dal.Group2.Board.Service,BoardService,createBoard,0,1,1,9,0
main,ca.dal.Group2.Board.Service,BoardService,findById,0,1,1,11,0
main,ca.dal.Group2.Board.Service.Impl,BoardServiceImpl,createBoard,3,1,1,22,0
main,ca.dal.Group2.Board.Service.Impl,BoardServiceImpl,deleteBoard,4,1,1,27,0
main,ca.dal.Group2.Board.Service.Impl,BoardServiceImpl,findById,9,2,1,34,0
main,ca.dal.Group2.Board.Entity,BoardEntity,getId,3,1,0,22,0
main,ca.dal.Group2.Board.Entity,BoardEntity,setId,3,1,1,26,0
main,ca.dal.Group2.Board.Entity,BoardEntity,getBoardName,3,1,0,30,0
main,ca.dal.Group2.Board.Entity,BoardEntity,setBoardName,3,1,1,34,0
main,ca.dal.Group2.Board.Entity,BoardEntity,getBoardDescription,3,1,0,38,0
main,ca.dal.Group2.Board.Entity,BoardEntity,setBoardDescription,3,1,1,42,0
main,ca.dal.Group2,ServerApplication,main,3,1,1,9,0
main,ca.dal.Group2.Task.Controller,DueDateController,create,3,1,1,18,0
main,ca.dal.Group2.Task.Controller,DueDateController,list,3,1,0,23,0
main,ca.dal.Group2.Task.Controller,TaskController,create,13,3,3,32,0
main,ca.dal.Group2.Task.Controller,TaskController,assignTo,3,1,2,49,0
main,ca.dal.Group2.Task.Controller,TaskController,changeStatus,3,1,2,54,0
main,ca.dal.Group2.Task.Controller,TaskController,findAll,4,1,1,60,0
main,ca.dal.Group2.Task.Controller,TaskController,search,4,1,2,66,0
main,ca.dal.Group2.Task.Controller,TaskController,getDueDate,3,1,1,73,0
main,ca.dal.Group2.Task.Controller,TaskController,dateFilter,3,1,2,78,0
main,ca.dal.Group2.Task.Service,DueDateService,save,0,1,1,9,0
main,ca.dal.Group2.Task.Service,DueDateService,list,0,1,0,11,0
main,ca.dal.Group2.Task.Service,DueDateService,findById,0,1,1,13,0
main,ca.dal.Group2.Task.Service,TaskService,createTask,0,1,1,11,0
main,ca.dal.Group2.Task.Service,TaskService,updateTask,0,1,1,13,0
main,ca.dal.Group2.Task.Service,TaskService,changeStatus,0,1,2,15,0
main,ca.dal.Group2.Task.Service,TaskService,findAll,0,1,1,17,0
main,ca.dal.Group2.Task.Service,TaskService,search,0,1,2,19,0
main,ca.dal.Group2.Task.Service,TaskService,filterDate,0,1,2,21,0
main,ca.dal.Group2.Task.Service,TaskService,getTask,0,1,1,23,0
main,ca.dal.Group2.Task.Service,TaskService,filterDateOverdue,0,1,2,25,0
main,ca.dal.Group2.Task.Service,TaskService,filterDateToday,0,1,2,26,0
main,ca.dal.Group2.Task.Service,TaskService,filterDateWeek,0,1,2,27,0
main,ca.dal.Group2.Task.Service.Impl,DueDateServiceImpl,save,3,1,1,18,0
main,ca.dal.Group2.Task.Service.Impl,DueDateServiceImpl,list,3,1,0,24,0
main,ca.dal.Group2.Task.Service.Impl,DueDateServiceImpl,findById,9,2,1,29,0
main,ca.dal.Group2.Task.Service.Impl,TaskServiceImpl,createTask,4,1,1,26,0
main,ca.dal.Group2.Task.Service.Impl,TaskServiceImpl,updateTask,4,1,1,32,0
main,ca.dal.Group2.Task.Service.Impl,TaskServiceImpl,changeStatus,21,3,2,38,0
main,ca.dal.Group2.Task.Service.Impl,TaskServiceImpl,findAll,10,3,1,62,0
main,ca.dal.Group2.Task.Service.Impl,TaskServiceImpl,search,10,3,2,74,0
main,ca.dal.Group2.Task.Service.Impl,TaskServiceImpl,filterDateOverdue,14,4,2,86,0
main,ca.dal.Group2.Task.Service.Impl,TaskServiceImpl,filterDateToday,13,4,2,102,0
main,ca.dal.Group2.Task.Service.Impl,TaskServiceImpl,isDueDateinWeek,5,1,1,118,0
main,ca.dal.Group2.Task.Service.Impl,TaskServiceImpl,filterDateWeek,13,4,2,126,0
main,ca.dal.Group2.Task.Service.Impl,TaskServiceImpl,filterDate,13,4,2,145,0
main,ca.dal.Group2.Task.Service.Impl,TaskServiceImpl,getTask,3,1,1,160,0
main,ca.dal.Group2.Task.Entity.dto,TaskDTO,getId,3,1,0,20,0
main,ca.dal.Group2.Task.Entity.dto,TaskDTO,setId,3,1,1,24,0
main,ca.dal.Group2.Task.Entity.dto,TaskDTO,getName,3,1,0,28,0
main,ca.dal.Group2.Task.Entity.dto,TaskDTO,setName,3,1,1,32,0
main,ca.dal.Group2.Task.Entity.dto,TaskDTO,getStatus,3,1,0,36,0
main,ca.dal.Group2.Task.Entity.dto,TaskDTO,setStatus,3,1,1,40,0
main,ca.dal.Group2.Task.Entity.dto,TaskDTO,getCreateTime,3,1,0,44,0
main,ca.dal.Group2.Task.Entity.dto,TaskDTO,setCreateTime,3,1,1,48,0
main,ca.dal.Group2.Task.Entity,TaskEntity,getId,3,1,0,39,0
main,ca.dal.Group2.Task.Entity,TaskEntity,setId,3,1,1,43,0
main,ca.dal.Group2.Task.Entity,TaskEntity,getName,3,1,0,47,0
main,ca.dal.Group2.Task.Entity,TaskEntity,setName,3,1,1,51,0
main,ca.dal.Group2.Task.Entity,TaskEntity,getStatus,3,1,0,55,0
main,ca.dal.Group2.Task.Entity,TaskEntity,setStatus,3,1,1,59,0
main,ca.dal.Group2.Task.Entity,TaskEntity,getCreateTime,3,1,0,63,0
main,ca.dal.Group2.Task.Entity,TaskEntity,setCreateTime,3,1,1,67,0
main,ca.dal.Group2.Task.Entity,TaskEntity,getBoard,3,1,0,71,0
main,ca.dal.Group2.Task.Entity,TaskEntity,setBoard,3,1,1,75,0
main,ca.dal.Group2.Task.Entity,TaskEntity,getDueDate,3,1,0,79,0
main,ca.dal.Group2.Task.Entity,TaskEntity,setDueDate,3,1,1,83,0
main,ca.dal.Group2.Task.Entity,TaskEntity,getUser,3,1,0,87,0
main,ca.dal.Group2.Task.Entity,TaskEntity,setUser,3,1,1,91,0
main,ca.dal.Group2.Task.Entity,DueDateEntity,getId,3,1,0,25,0
main,ca.dal.Group2.Task.Entity,DueDateEntity,setId,3,1,1,29,0
main,ca.dal.Group2.Task.Entity,DueDateEntity,getDueDate,3,1,0,33,0
main,ca.dal.Group2.Task.Entity,DueDateEntity,setDueDate,3,1,1,37,0
main,ca.dal.Group2.User.UserController,UserCont,signupUser,3,1,1,21,0
main,ca.dal.Group2.User.UserController,UserCont,login,3,1,1,33,0
main,ca.dal.Group2.User.UserController,UserCont,oops,3,1,1,41,0
main,ca.dal.Group2.User.UserController,UserCont,question,3,1,1,48,0
main,ca.dal.Group2.User.UserController,UserCont,secAns,3,1,2,52,0
main,ca.dal.Group2.User.UserController,UserCont,getBoards,3,1,1,63,0
main,ca.dal.Group2.User.UserController,UserCont,addUserToWorkspace,4,1,2,69,0
main,ca.dal.Group2.User.UserController,UserCont,forgetPassword,6,1,1,76,0
main,ca.dal.Group2.User.Service,UserService,signupUser,3,1,1,30,0
main,ca.dal.Group2.User.Service,UserService,login,7,2,1,37,0
main,ca.dal.Group2.User.Service,UserService,gimmePassword,12,2,1,46,0
main,ca.dal.Group2.User.Service,UserService,getQuestion,10,2,1,67,0
main,ca.dal.Group2.User.Service,UserService,checkSecurityAns,10,2,2,77,0
main,ca.dal.Group2.User.Service,UserService,addWorkspacetoUser,14,3,2,93,0
main,ca.dal.Group2.User.Service,UserService,forgetPassword,11,3,3,110,0
main,ca.dal.Group2.User.Service,UserService,addWorkspacetoUser,4,1,2,124,0
main,ca.dal.Group2.User.Service,UserService,addUserToTask,10,2,2,129,0
main,ca.dal.Group2.User.Service,UserService,getWorkspaces,7,2,1,141,0
main,ca.dal.Group2.User.Service,UserService,getUserByEmail,3,1,1,150,0
main,ca.dal.Group2.User.Entity,UserEntity,getWorkspaces,3,1,0,41,0
main,ca.dal.Group2.User.Entity,UserEntity,setWorkspaces,3,1,1,45,0
main,ca.dal.Group2.User.Entity,UserEntity,UserEntity,7,1,5,50,0
main,ca.dal.Group2.User.Entity,UserEntity,UserEntity,2,1,0,58,0
main,ca.dal.Group2.User.Entity,UserEntity,setId,3,1,1,61,0
main,ca.dal.Group2.User.Entity,UserEntity,getId,3,1,0,65,0
main,ca.dal.Group2.User.Entity,UserEntity,getName,3,1,0,69,0
main,ca.dal.Group2.User.Entity,UserEntity,setName,3,1,1,73,0
main,ca.dal.Group2.User.Entity,UserEntity,getEmailId,3,1,0,78,0
main,ca.dal.Group2.User.Entity,UserEntity,setEmailId,3,1,1,82,0
main,ca.dal.Group2.User.Entity,UserEntity,getPassword,3,1,0,86,0
main,ca.dal.Group2.User.Entity,UserEntity,setPassword,3,1,1,90,0
main,ca.dal.Group2.User.Entity,UserEntity,getSecQ,3,1,0,95,0
main,ca.dal.Group2.User.Entity,UserEntity,setSecQ,3,1,1,96,0
main,ca.dal.Group2.User.Entity,UserEntity,getAns,3,1,0,98,0
main,ca.dal.Group2.User.Entity,UserEntity,setAns,3,1,1,99,0
main,ca.dal.Group2.User.Repository,UserRepo,findByEmailId,0,1,1,10,0
main,ca.dal.Group2.Workspace.Controller,WorkSpaceController,add,5,1,2,34,0
main,ca.dal.Group2.Workspace.Controller,WorkSpaceController,addBoardToWorkspace,3,1,2,43,0
main,ca.dal.Group2.Workspace.Controller,WorkSpaceController,getBoards,3,1,1,49,0
main,ca.dal.Group2.Workspace.Service.impl,WorkSpaceServiceImpl,add,3,1,1,30,0
main,ca.dal.Group2.Workspace.Service.impl,WorkSpaceServiceImpl,addBoard,15,3,2,36,0
main,ca.dal.Group2.Workspace.Service.impl,WorkSpaceServiceImpl,getBoards,11,2,1,54,0
main,ca.dal.Group2.Workspace.Service,WorkSpaceService,addBoard,0,1,2,9,0
main,ca.dal.Group2.Workspace.Service,WorkSpaceService,add,0,1,1,10,0
main,ca.dal.Group2.Workspace.Service,WorkSpaceService,getBoards,0,1,1,11,0
main,ca.dal.Group2.Workspace.Entity,WorkSpaceEntity,getId,3,1,0,26,0
main,ca.dal.Group2.Workspace.Entity,WorkSpaceEntity,setId,3,1,1,30,0
main,ca.dal.Group2.Workspace.Entity,WorkSpaceEntity,getWorkSpaceName,3,1,0,34,0
main,ca.dal.Group2.Workspace.Entity,WorkSpaceEntity,setWorkSpaceName,3,1,1,38,0
main,ca.dal.Group2.Workspace.Entity,WorkSpaceEntity,getWorkSpaceDescription,3,1,0,42,0
main,ca.dal.Group2.Workspace.Entity,WorkSpaceEntity,setWorkSpaceDescription,3,1,1,46,0
main,ca.dal.Group2.Workspace.Entity,WorkSpaceEntity,getWorkSpaceType,3,1,0,50,0
main,ca.dal.Group2.Workspace.Entity,WorkSpaceEntity,setWorkSpaceType,3,1,1,54,0
main,ca.dal.Group2.Workspace.Entity,WorkSpaceEntity,getBoards,3,1,0,58,0
main,ca.dal.Group2.Workspace.Entity,WorkSpaceEntity,setBoards,3,1,1,62,0
